epoch,acc,loss,val_acc,val_loss
0,0.612603305785124,1.060945491160243,0.6850000019073487,0.8887643432617187
1,0.6162190082644629,1.0614204012657986,0.6820000023841858,0.8981651763916015
2,0.6141528925619835,1.0507538269373997,0.640999997138977,0.9683507294654846
3,0.6237086776859504,1.039118827867114,0.6760000014305114,0.8735419926643372
4,0.6399793388429752,0.9837242749111712,0.6929999971389771,0.8777303647994995
